series,value,z60,p60,z252,p252,zΔ60,pΔ60,ret1%,confidence
TURNOVER,1113233319063.0,2.251655631714544,97.5,3.595317646889159,99.4047619047619,0.5782438144578633,74.16666666666667,9.781977790621932,OK
INDEX,34323.65,1.6766213805353027,92.5,2.3985880672696305,98.21428571428571,2.1828966072493037,97.5,-2.1981422472488132,OK
INDEX_%CHG,-2.1981422472488354,-2.349711937586431,0.8333333333333334,-1.5438444000066047,2.9761904761904763,,,,OK
AMPL_%,2.681115791411263,2.4905783173975884,99.16666666666667,1.9594386831986952,96.62698412698413,,,,OK
TURNOVERx20,1.3290771971116588,1.1411925224490933,85.83333333333333,1.3981183997136768,91.86507936507937,,,,OK
