series,value,z60,p60,z252,p252,zΔ60,pΔ60,ret1%,confidence
TURNOVER,728225719000.0,0.11437980825772195,54.166666666666664,1.3165339760310149,88.69047619047619,0.9339002869160129,85.83333333333333,-16.132472019600296,OK
INDEX,32771.87,0.8444538392352093,79.16666666666667,1.8728551033518288,95.03968253968254,0.9808331407200682,85.83333333333333,2.0599232274134183,OK
INDEX_%CHG,2.0599232274134183,1.2301428431723433,92.5,1.2047006598045646,93.45238095238095,,,,OK
AMPL_%,2.49604334044837,1.5203030218570546,94.16666666666667,1.5897450027733508,93.84920634920636,,,,OK
TURNOVERx20,0.8453008153375295,-1.120889645157414,10.833333333333334,-0.938139579589171,13.293650793650794,,,,OK
