series,value,z60,p60,z252,p252,zΔ60,pΔ60,ret1%,confidence
TURNOVER,793545602327.0,0.50703620733439,65.83333333333333,1.7152924455246257,91.86507936507937,3.6963563007476496,99.16666666666667,-27.816086889229386,OK
INDEX,33672.94,1.3222062360752207,89.16666666666667,2.1721115203020958,97.42063492063492,1.9018705503668218,95.83333333333333,2.5710898452825814,OK
INDEX_%CHG,2.5710898452825592,1.7337851723717157,95.83333333333333,1.5479928611388227,96.62698412698413,,,,OK
AMPL_%,2.5793447720421674,1.7768216331720168,95.83333333333333,1.7336193903100632,94.64285714285714,,,,OK
TURNOVERx20,0.9157252914331436,-0.7966242460668572,30.833333333333332,-0.6134540772832683,29.563492063492063,,,,OK
