series,value,z60,p60,z252,p252,zΔ60,pΔ60,ret1%,confidence
TURNOVER,868304737884.0,0.8483258231002457,82.5,2.089424888416114,95.83333333333333,2.079309383760165,95.83333333333333,32.4699605685135,OK
INDEX,32110.42,0.5861703331130556,70.83333333333333,1.7272767344829472,93.05555555555556,3.693227998355952,97.5,-4.431965437622065,OK
INDEX_%CHG,-4.431965437622065,-3.32981944429353,0.8333333333333334,-2.8765302697630455,0.9920634920634921,,,,OK
AMPL_%,2.4561348161314114,1.522895410570277,94.16666666666667,1.5522715212591631,93.84920634920636,,,,OK
TURNOVERx20,1.0087420241112224,-0.37070203078919467,44.166666666666664,-0.15356391277981873,48.214285714285715,,,,OK
