series,value,z60,p60,z252,p252,zΔ60,pΔ60,ret1%,confidence
TURNOVER,693435834178.0,-0.08640390309652382,44.166666666666664,1.1193930099966527,85.91269841269842,-0.6838353595679184,30.833333333333332,-4.777349098542338,OK
INDEX,34114.19,1.3855789832819023,90.83333333333333,2.1796086610558447,97.81746031746032,2.88824590326817,95.83333333333333,4.095951802567255,OK
INDEX_%CHG,4.095951802567255,2.477692299261482,99.16666666666667,2.445327570946668,99.0079365079365,,,,OK
AMPL_%,3.3265419397794678,2.5469462327645154,97.5,2.638851615232233,97.42063492063492,,,,OK
TURNOVERx20,0.8158763769628083,-1.2564063244273542,5.833333333333333,-1.072091097264529,10.515873015873016,,,,OK
