series,value,z60,p60,z252,p252,zΔ60,pΔ60,ret1%,confidence
TURNOVER,1099338575770.0,2.063008032188587,95.83333333333333,3.421334750649557,99.0079365079365,-0.9434508929284781,14.166666666666666,-1.2481429593479199,OK
INDEX,32828.88,1.0064276536428876,85.83333333333333,1.9838326557448631,96.62698412698413,4.472301182842676,99.16666666666667,-4.354927287744759,OK
INDEX_%CHG,-4.3549272877447365,-3.7245078040672563,0.8333333333333334,-2.8927475385279986,0.9920634920634921,,,,OK
AMPL_%,4.078441541036582,4.180253156193682,99.16666666666667,3.7547673419463243,97.81746031746032,,,,OK
TURNOVERx20,1.2895004853577672,0.9277697139356043,80.83333333333333,1.1961041781806763,88.2936507936508,,,,OK
