series,value,z60,p60,z252,p252,zΔ60,pΔ60,ret1%,confidence
TURNOVER,752682671944.0,0.17027771935544175,55.833333333333336,1.4152598751900438,89.48412698412699,-0.7355693481538746,30.833333333333332,-3.9954614141773925,OK
INDEX,33400.32,1.0038141969584213,80.83333333333333,1.9525984042849156,95.43650793650794,-0.6101179921046598,32.5,-0.5405894730071581,OK
INDEX_%CHG,-0.5405894730071581,-0.5531016540815692,22.5,-0.43572828385484347,26.785714285714285,,,,OK
AMPL_%,1.8632678475820015,0.4664455301730656,67.5,0.7280010497361241,85.51587301587301,,,,OK
TURNOVERx20,0.8980149779238391,-0.9235282089327375,22.5,-0.6688796809915217,26.38888888888889,,,,OK
