series,value,z60,p60,z252,p252,zΔ60,pΔ60,ret1%,confidence
TURNOVER,1014040137978.0,1.8593070484612526,95.83333333333333,3.1314344178217457,99.0079365079365,2.0443017597439415,95.83333333333333,-16.044932308959236,OK
INDEX,35095.09,2.071519782969365,95.83333333333333,2.6406545869993723,99.0079365079365,0.11810564197938794,60.833333333333336,-0.9018907232604567,OK
INDEX_%CHG,-0.9018907232604567,-1.2904021462169315,14.166666666666666,-0.7078929755102324,16.865079365079364,,,,OK
AMPL_%,2.0905567184505567,1.5281874703027656,90.83333333333333,1.1647993722507008,92.65873015873017,,,,OK
TURNOVERx20,1.219000232272476,0.6731389118217767,75.83333333333333,0.8720559996458319,85.11904761904762,,,,OK
