series,value,z60,p60,z252,p252,zΔ60,pΔ60,ret1%,confidence
TURNOVER,784007384475.0,0.3611913906197909,62.5,1.5936813601997641,91.07142857142857,0.16507883636584286,64.16666666666667,13.06127342039709,OK
INDEX,33581.86,1.1165123366290532,82.5,2.021287906131883,95.83333333333333,0.446694620254765,75.83333333333333,-1.5604357013899506,OK
INDEX_%CHG,-1.5604357013899506,-1.2341849414201402,7.5,-1.0656154632638462,7.738095238095238,,,,OK
AMPL_%,1.644007962668918,0.17893604940961028,59.166666666666664,0.4422263559934449,80.75396825396825,,,,OK
TURNOVERx20,0.9360909745760859,-0.7350829586648027,30.833333333333332,-0.4915803106730127,33.53174603174603,,,,OK
