{
  "band_width_observation": {
    "current": {
      "band_width_pct": 0.0900021984010444,
      "percentile": 40.44738644145172
    },
    "forward_mdd20_bw_slices": {
      "bw<=p20": {
        "condition": "band_width_pct <= p20",
        "conf": "HIGH",
        "conf_decision": "OK",
        "min": -0.11750664643630004,
        "min_n_required": 200,
        "n": 877,
        "p10": -0.060283526304825606,
        "p50": -0.01421945519872414
      },
      "bw>=p80": {
        "condition": "band_width_pct >= p80",
        "conf": "HIGH",
        "conf_decision": "OK",
        "min": -0.3157404296577969,
        "min_n_required": 200,
        "n": 877,
        "p10": -0.10218121330332872,
        "p50": -0.01995513850320818
      }
    },
    "forward_mdd20_bw_slices_in_bucket": {
      "bucket=MID_BAND ∩ bw<=p20": {
        "condition": "(bucket==MID_BAND) AND (band_width_pct <= p20)",
        "conf": "HIGH",
        "conf_decision": "OK",
        "min": -0.11750664643630004,
        "min_n_required": 200,
        "n": 570,
        "p10": -0.06396518308106924,
        "p50": -0.015306473177693847
      },
      "bucket=MID_BAND ∩ bw>=p80": {
        "condition": "(bucket==MID_BAND) AND (band_width_pct >= p80)",
        "conf": "HIGH",
        "conf_decision": "OK",
        "min": -0.252877014424152,
        "min_n_required": 200,
        "n": 618,
        "p10": -0.09897531631868409,
        "p50": -0.016128262274637706
      }
    },
    "note": "Independent observation only. Does NOT affect bucket rules nor main forward_mdd stats.",
    "quantiles": {
      "n_bw_samples": 4381,
      "p50": 0.09854920849599558,
      "p_high": 0.16700591815845933,
      "p_low": 0.06869601582690277,
      "q_high": 80.0,
      "q_low": 20.0
    },
    "streak": {
      "bw_ge_p_high_streak": 0,
      "bw_le_p_low_streak": 0
    }
  },
  "bb": {
    "band_width_pct": 0.0900021984010444,
    "bucket": "MID_BAND",
    "dist_to_lower": 0.06668425486754097,
    "dist_to_upper": 0.017316213996689162,
    "lower_usd": 136.8987466602204,
    "pos_in_band": 0.8007884183692382,
    "streak": {
      "bucket_streak": 5,
      "dist_u_le_threshold_streak": 2,
      "dist_u_threshold": 0.02,
      "pos_ge_threshold_streak": 2,
      "pos_threshold": 0.8
    },
    "upper_usd": 149.21993481798788,
    "z": 1.2031536734769437
  },
  "close_usd": 146.67999267578125,
  "consistency_check": {
    "pos_vs_dist_to_upper": {
      "abs_err": 4.614364446098307e-16,
      "abs_tol": 0.0001,
      "expected_dist_to_upper": 0.0173162139966887,
      "model": "logband",
      "reason": "within_abs_or_rel_tolerance",
      "rel_err": 2.664765200395749e-14,
      "rel_tolerance": 0.02,
      "status": "OK"
    }
  },
  "data_date": "2026-02-19",
  "derived_twd": {
    "close_twd": null,
    "close_twd_ref": 4620.419769287109,
    "price_twd": null,
    "price_twd_ref": 4620.419769287109
  },
  "forward_days": 20,
  "forward_mdd20": {
    "conf": "HIGH",
    "conf_decision": "OK",
    "min": -0.3157059033628461,
    "min_n_required": 200,
    "n": 2896,
    "p10": -0.07279359005752856,
    "p50": -0.016369331747207838
  },
  "forward_mdd20_slices": {
    "dist_to_upper<=2.0%": {
      "condition": "dist_to_upper<=0.0200",
      "conf": "HIGH",
      "conf_decision": "OK",
      "min": -0.3128538832343024,
      "min_n_required": 200,
      "n": 1743,
      "p10": -0.054857063131025986,
      "p50": -0.014434131871362443
    },
    "pos>=0.80": {
      "condition": "pos_in_band>=0.80",
      "conf": "HIGH",
      "conf_decision": "OK",
      "min": -0.3128538832343024,
      "min_n_required": 200,
      "n": 1704,
      "p10": -0.054305686975865394,
      "p50": -0.015082158867813444
    }
  },
  "forward_mdd20_slices_in_bucket": {
    "bucket=MID_BAND ∩ dist_to_upper<=2.0%": {
      "condition": "(bucket==MID_BAND) AND (dist_to_upper<=0.0200)",
      "conf": "HIGH",
      "conf_decision": "OK",
      "min": -0.3128538832343024,
      "min_n_required": 200,
      "n": 718,
      "p10": -0.05322498797328808,
      "p50": -0.013953679008393116
    },
    "bucket=MID_BAND ∩ pos>=0.80": {
      "condition": "(bucket==MID_BAND) AND (pos_in_band>=0.80)",
      "conf": "HIGH",
      "conf_decision": "OK",
      "min": -0.3128538832343024,
      "min_n_required": 200,
      "n": 638,
      "p10": -0.051862649134872006,
      "p50": -0.015345194227008918
    }
  },
  "fx_usdtwd": {
    "detected_date_key": "date",
    "detected_rate_key": "mid",
    "parse_status": "OK",
    "rate": null,
    "reference": {
      "history_status": "OK",
      "lag_days": 6,
      "latest_status": "OK",
      "rate": 31.5,
      "ref_date": "2026-02-13",
      "ref_source": "HISTORY",
      "stale_threshold_days": 30,
      "status": "OK"
    },
    "used_policy": "NA"
  },
  "generated_at_utc": "2026-02-20T05:18:32Z",
  "k": 2.0,
  "min_n_required": 200,
  "module": "vt_bb_cache",
  "notes": [
    "BB computed on log(price_usd) where price_usd is adj_close when available.",
    "forward_mdd20 computed on linear price_usd (same series as BB).",
    "forward_mdd20_slices and *_in_bucket are reading-only; do NOT replace bucket-conditioned stats.",
    "band_width_observation is independent reading-only; does NOT affect bucket rules nor main forward_mdd stats.",
    "Consistency check uses logband geometry with abs+rel thresholds; expected dist_to_upper = (1+band_width_pct)^(1-pos) - 1.",
    "FX strict: only same-date match populates fx_usdtwd.rate and derived_twd.price_twd.",
    "FX reference: if strict match missing, derived_twd.price_twd_ref may be computed using the most recent FX date <= data_date, with lag_days and source annotated."
  ],
  "price_mode": "adj_close",
  "price_usd": 146.67999267578125,
  "schema_version": "vt_bb_cache.v1",
  "ticker": "VT",
  "window": 60
}
