{
  "bb": {
    "band_width_pct": 0.09000219840477941,
    "bucket": "MID_BAND",
    "dist_to_lower": 0.06668425486913916,
    "dist_to_upper": 0.017316213998433062,
    "lower_usd": 136.898746659986,
    "pos_in_band": 0.8007884183572682,
    "streak": {
      "bucket_streak": 5,
      "dist_u_le_threshold_streak": 2,
      "dist_u_threshold": 0.02,
      "pos_ge_threshold_streak": 2,
      "pos_threshold": 0.8
    },
    "upper_usd": 149.21993481824367,
    "z": 1.2031536734290604
  },
  "close_usd": 146.67999267578125,
  "consistency_check": {
    "pos_vs_dist_to_upper": {
      "abs_err": 4.2327252813834093e-16,
      "abs_tol": 0.0001,
      "expected_dist_to_upper": 0.01731621399843264,
      "model": "logband",
      "reason": "within_abs_or_rel_tolerance",
      "rel_err": 2.4443710858311332e-14,
      "rel_tolerance": 0.02,
      "status": "OK"
    }
  },
  "data_date": "2026-02-19",
  "derived_twd": {
    "close_twd": null,
    "close_twd_ref": 4620.419769287109,
    "price_twd": null,
    "price_twd_ref": 4620.419769287109
  },
  "forward_days": 20,
  "forward_mdd20": {
    "conf": "HIGH",
    "conf_decision": "OK",
    "min": -0.3157059227627924,
    "min_n_required": 200,
    "n": 2896,
    "p10": -0.07279359610558289,
    "p50": -0.016369331449173907
  },
  "forward_mdd20_slices": {
    "dist_to_upper<=2.0%": {
      "condition": "dist_to_upper<=0.0200",
      "conf": "HIGH",
      "conf_decision": "OK",
      "min": -0.31285409728010927,
      "min_n_required": 200,
      "n": 1743,
      "p10": -0.054856986234859774,
      "p50": -0.014434071556375216
    },
    "pos>=0.80": {
      "condition": "pos_in_band>=0.80",
      "conf": "HIGH",
      "conf_decision": "OK",
      "min": -0.31285409728010927,
      "min_n_required": 200,
      "n": 1704,
      "p10": -0.05430522752487695,
      "p50": -0.015082213947935075
    }
  },
  "forward_mdd20_slices_in_bucket": {
    "bucket=MID_BAND ∩ dist_to_upper<=2.0%": {
      "condition": "(bucket==MID_BAND) AND (dist_to_upper<=0.0200)",
      "conf": "HIGH",
      "conf_decision": "OK",
      "min": -0.31285409728010927,
      "min_n_required": 200,
      "n": 718,
      "p10": -0.05322490953227186,
      "p50": -0.013953665155193085
    },
    "bucket=MID_BAND ∩ pos>=0.80": {
      "condition": "(bucket==MID_BAND) AND (pos_in_band>=0.80)",
      "conf": "HIGH",
      "conf_decision": "OK",
      "min": -0.31285409728010927,
      "min_n_required": 200,
      "n": 638,
      "p10": -0.05186260434229974,
      "p50": -0.015345319674606395
    }
  },
  "fx_usdtwd": {
    "detected_date_key": "date",
    "detected_rate_key": "mid",
    "parse_status": "OK",
    "rate": null,
    "reference": {
      "history_status": "OK",
      "lag_days": 6,
      "latest_status": "OK",
      "rate": 31.5,
      "ref_date": "2026-02-13",
      "ref_source": "HISTORY",
      "stale_threshold_days": 30,
      "status": "OK"
    },
    "used_policy": "NA"
  },
  "generated_at_utc": "2026-02-20T05:11:52Z",
  "k": 2.0,
  "min_n_required": 200,
  "module": "bb_cache",
  "notes": [
    "conf is statistical sample confidence tier (HIGH/MED/LOW/NA) based on n only.",
    "conf_decision is decision sufficiency: OK if n>=min_n_required; LOW_FOR_DECISION if 0<n<min_n_required; NA if n==0.",
    "FX strict uses exact same-date match: fx_history preferred; fx_latest same-date fallback allowed.",
    "FX reference is only used when strict is missing; reference never backfills strict fields."
  ],
  "price_mode": "adj_close",
  "price_usd": 146.67999267578125,
  "schema_version": "bb_cache.v1",
  "ticker": "VT",
  "window": 60
}
